cd,p_ref
AK-AL,0.1371
AL-01,0.0
AL-02,0.7065
AL-03,0.0
AL-04,0.0
AL-05,0.0
AL-06,0.0
AL-07,1.0
AR-01,0.0
AR-02,0.0504
AR-03,0.0005
AR-04,0.0
AZ-01,0.8819
AZ-02,0.0723
AZ-03,1.0
AZ-04,1.0
AZ-05,0.0275
AZ-06,0.8638
AZ-07,1.0
AZ-08,0.1173
AZ-09,0.0
CA-01,0.9997
CA-02,1.0
CA-03,1.0
CA-04,1.0
CA-05,0.0053
CA-06,1.0
CA-07,1.0
CA-08,1.0
CA-09,1.0
CA-10,1.0
CA-11,1.0
CA-12,1.0
CA-13,0.999
CA-14,1.0
CA-15,1.0
CA-16,1.0
CA-17,1.0
CA-18,1.0
CA-19,1.0
CA-20,0.0
CA-21,1.0
CA-22,0.8199
CA-23,0.0143
CA-24,1.0
CA-25,1.0
CA-26,1.0
CA-27,1.0
CA-28,1.0
CA-29,1.0
CA-30,1.0
CA-31,1.0
CA-32,1.0
CA-33,1.0
CA-34,1.0
CA-35,1.0
CA-36,1.0
CA-37,1.0
CA-38,1.0
CA-39,1.0
CA-40,0.3233
CA-41,1.0
CA-42,1.0
CA-43,1.0
CA-44,1.0
CA-45,0.9999
CA-46,1.0
CA-47,1.0
CA-48,0.9887
CA-49,1.0
CA-50,1.0
CA-51,1.0
CA-52,1.0
CO-01,1.0
CO-02,1.0
CO-03,0.2926
CO-04,0.0224
CO-05,0.3583
CO-06,1.0
CO-07,1.0
CO-08,0.8199
CT-01,1.0
CT-02,1.0
CT-03,1.0
CT-04,1.0
CT-05,1.0
DE-AL,1.0
FL-01,0.0
FL-02,0.0601
FL-03,0.0053
FL-04,0.1812
FL-05,0.0053
FL-06,0.0
FL-07,0.3233
FL-08,0.0504
FL-09,0.4258
FL-10,1.0
FL-11,0.1173
FL-12,0.0723
FL-13,0.1371
FL-14,0.8623
FL-15,0.0089
FL-16,0.2051
FL-17,0.0031
FL-18,0.0341
FL-19,0.0001
FL-20,1.0
FL-21,0.0504
FL-22,0.909
FL-23,1.0
FL-24,1.0
FL-25,0.9354
FL-26,0.0224
FL-27,0.0723
FL-28,0.0005
GA-01,0.1173
GA-02,1.0
GA-03,0.0
GA-04,1.0
GA-05,1.0
GA-06,1.0
GA-07,0.0031
GA-08,0.0
GA-09,0.0
GA-10,0.0178
GA-11,0.0068
GA-12,0.101
GA-13,1.0
GA-14,0.0
HI-01,1.0
HI-02,1.0
IA-01,0.4284
IA-02,0.4629
IA-03,0.7087
IA-04,0.0
ID-01,0.0
ID-02,0.0001
IL-01,1.0
IL-02,1.0
IL-03,1.0
IL-04,1.0
IL-05,1.0
IL-06,1.0
IL-07,1.0
IL-08,1.0
IL-09,1.0
IL-10,1.0
IL-11,1.0
IL-12,0.0
IL-13,1.0
IL-14,1.0
IL-15,0.0
IL-16,0.0018
IL-17,1.0
IN-01,0.999
IN-02,0.0001
IN-03,0.0
IN-04,0.0
IN-05,0.0341
IN-06,0.0
IN-07,1.0
IN-08,0.0
IN-09,0.0
KS-01,0.0
KS-02,0.0089
KS-03,0.9999
KS-04,0.0018
KY-01,0.0
KY-02,0.0
KY-03,1.0
KY-04,0.0
KY-05,0.0
KY-06,0.1572
LA-01,0.0
LA-02,1.0
LA-03,0.0
LA-04,0.0
LA-05,0.0
LA-06,0.0087
MA-01,1.0
MA-02,1.0
MA-03,1.0
MA-04,1.0
MA-05,1.0
MA-06,1.0
MA-07,1.0
MA-08,1.0
MA-09,1.0
MD-01,0.0341
MD-02,1.0
MD-03,1.0
MD-04,1.0
MD-05,1.0
MD-06,1.0
MD-07,1.0
MD-08,1.0
ME-01,1.0
ME-02,0.9354
MI-01,0.0053
MI-02,0.0
MI-03,1.0
MI-04,0.5732
MI-05,0.0001
MI-06,1.0
MI-07,0.8638
MI-08,0.9969
MI-09,0.0
MI-10,0.6753
MI-11,1.0
MI-12,1.0
MI-13,1.0
MN-01,0.1812
MN-02,1.0
MN-03,1.0
MN-04,1.0
MN-05,1.0
MN-06,0.0089
MN-07,0.0
MN-08,0.101
MO-01,1.0
MO-02,0.4284
MO-03,0.0001
MO-04,0.0
MO-05,1.0
MO-06,0.0
MO-07,0.0
MO-08,0.0
MS-01,0.0
MS-02,1.0
MS-03,0.0
MS-04,0.0
MT-01,0.3233
MT-02,0.0
NC-01,0.8181
NC-02,1.0
NC-03,0.101
NC-04,1.0
NC-05,0.0224
NC-06,0.0341
NC-07,0.101
NC-08,0.0143
NC-09,0.0504
NC-10,0.0224
NC-11,0.4629
NC-12,1.0
NC-13,0.0504
NC-14,0.0723
ND-AL,0.0
NE-01,0.1371
NE-02,0.9959
NE-03,0.0
NH-01,0.9998
NH-02,0.9999
NJ-01,1.0
NJ-02,0.1371
NJ-03,1.0
NJ-04,0.0
NJ-05,0.9997
NJ-06,1.0
NJ-07,0.8638
NJ-08,1.0
NJ-09,0.9982
NJ-10,1.0
NJ-11,1.0
NJ-12,1.0
NM-01,1.0
NM-02,0.9969
NM-03,1.0
NV-01,0.9997
NV-02,0.2051
NV-03,0.9982
NV-04,0.9997
NY-01,0.2926
NY-02,0.101
NY-03,0.9911
NY-04,0.9995
NY-05,1.0
NY-06,1.0
NY-07,1.0
NY-08,1.0
NY-09,1.0
NY-10,1.0
NY-11,0.001
NY-12,1.0
NY-13,1.0
NY-14,1.0
NY-15,1.0
NY-16,1.0
NY-17,0.9282
NY-18,0.9999
NY-19,0.9997
NY-20,1.0
NY-21,0.0178
NY-22,1.0
NY-23,0.0053
NY-24,0.0018
NY-25,1.0
NY-26,1.0
OH-01,0.9946
OH-02,0.0
OH-03,1.0
OH-04,0.0
OH-05,0.001
OH-06,0.0
OH-07,0.2332
OH-08,0.0504
OH-09,0.8623
OH-10,0.4284
OH-11,1.0
OH-12,0.0
OH-13,0.9999
OH-14,0.0275
OH-15,0.2926
OK-01,0.0112
OK-02,0.0
OK-03,0.0
OK-04,0.0
OK-05,0.0224
OR-01,1.0
OR-02,0.0001
OR-03,1.0
OR-04,1.0
OR-05,1.0
OR-06,1.0
PA-01,0.8997
PA-02,1.0
PA-03,1.0
PA-04,1.0
PA-05,1.0
PA-06,1.0
PA-07,0.768
PA-08,0.3583
PA-09,0.0
PA-10,0.6433
PA-11,0.0053
PA-12,1.0
PA-13,0.0
PA-14,0.0
PA-15,0.0
PA-16,0.0018
PA-17,1.0
RI-01,1.0
RI-02,1.0
SC-01,0.2608
SC-02,0.101
SC-03,0.0
SC-04,0.001
SC-05,0.0068
SC-06,1.0
SC-07,0.0003
SD-AL,0.0002
TN-01,0.0
TN-02,0.0
TN-03,0.0
TN-04,0.001
TN-05,0.0068
TN-06,0.0007
TN-07,0.0031
TN-08,0.0089
TN-09,0.2502
TX-01,0.0
TX-02,0.0068
TX-03,0.0018
TX-04,0.0005
TX-05,0.0031
TX-06,0.0018
TX-07,1.0
TX-08,0.0004
TX-09,0.3117
TX-10,0.0068
TX-11,0.0
TX-12,0.001
TX-13,0.0
TX-14,0.001
TX-15,0.0224
TX-16,1.0
TX-17,0.0031
TX-18,1.0
TX-19,0.0
TX-20,1.0
TX-21,0.0112
TX-22,0.0112
TX-23,0.1572
TX-24,0.0504
TX-25,0.001
TX-26,0.001
TX-27,0.0053
TX-28,0.8986
TX-29,1.0
TX-30,1.0
TX-31,0.0031
TX-32,0.4499
TX-33,1.0
TX-34,0.8986
TX-35,0.909
TX-36,0.0005
TX-37,1.0
TX-38,0.0178
UT-01,1.0
UT-02,0.0002
UT-03,0.0
UT-04,0.0
VA-01,0.6433
VA-02,0.8997
VA-03,1.0
VA-04,1.0
VA-05,0.1812
VA-06,0.001
VA-07,0.9999
VA-08,1.0
VA-09,0.0
VA-10,1.0
VA-11,1.0
VT-AL,1.0
WA-01,1.0
WA-02,1.0
WA-03,0.9946
WA-04,0.0178
WA-05,0.2332
WA-06,1.0
WA-07,1.0
WA-08,1.0
WA-09,1.0
WA-10,1.0
WI-01,0.6433
WI-02,1.0
WI-03,0.5008
WI-04,1.0
WI-05,0.0031
WI-06,0.0504
WI-07,0.0068
WI-08,0.0504
WV-01,0.0
WV-02,0.0
WY-AL,0.0
